Target_Audience,Conversion_Rate
All Ages,0.07997476198805568
Men 18-24,0.08023995230761588
Men 25-34,0.08013167428728482
Women 25-34,0.07989903281433534
Women 35-44,0.08010204852974526
