Channel_Used,Conversion_Rate
Email,0.08028155599869044
Facebook,0.0799917730582894
Google Ads,0.08018332436150488
Instagram,0.07988649976042166
Website,0.08018285371702638
YouTube,0.07988919501677048
