Duration,Conversion_Rate
15 days,0.0801010466260873
30 days,0.08017689782111233
45 days,0.07995229540918164
60 days,0.08004812898568163
